Workbook

Sheet Dataset
A1: Decision Tree Demo — Toy Dataset
A2: Should we play tennis today? (classic ML toy problem)
A4: ID | B4: Outlook | C4: Temperature | D4: Humidity | E4: Wind | F4: Play Tennis?
A5: 1 | B5: Sunny | C5: Hot | D5: High | E5: Weak | F5: No
A6: 2 | B6: Sunny | C6: Hot | D6: High | E6: Strong | F6: No
A7: 3 | B7: Overcast | C7: Hot | D7: High | E7: Weak | F7: Yes
A8: 4 | B8: Rain | C8: Mild | D8: High | E8: Weak | F8: Yes
A9: 5 | B9: Rain | C9: Cool | D9: Normal | E9: Weak | F9: Yes
A10: 6 | B10: Rain | C10: Cool | D10: Normal | E10: Strong | F10: No
A11: 7 | B11: Overcast | C11: Cool | D11: Normal | E11: Strong | F11: Yes
A12: 8 | B12: Sunny | C12: Mild | D12: High | E12: Weak | F12: No
A13: 9 | B13: Sunny | C13: Cool | D13: Normal | E13: Weak | F13: Yes
A14: 10 | B14: Rain | C14: Mild | D14: Normal | E14: Weak | F14: Yes
A15: 11 | B15: Sunny | C15: Mild | D15: Normal | E15: Strong | F15: Yes
A16: 12 | B16: Overcast | C16: Mild | D16: High | E16: Strong | F16: Yes
... A18: 14 | B18: Rain | C18: Mild | D18: High | E18: Strong | F18: No
A20: Summary
A21: Total samples | B21: 14
A22: Yes (Play) | B22: =COUNTIF(F5:F18, "Yes") -> 9
A23: No (Don't Play) | B23: =COUNTIF(F5:F18, "No") -> 5
A24: P(Yes) | B24: =B22/B21 -> 0.64285714
A25: P(No) | B25: =B23/B21 -> 0.35714286
A27: Parent Entropy
A28: Formula: | B28: -P(Yes)×log₂P(Yes) - P(No)×log₂P(No)
A29: H(Parent) | B29: =-IF(B24=0,0,B24*LOG(B24,2))-IF(B25=0,0,B25*LOG(B25,2)) -> 0.94028596

Sheet Acerno_Cache_XXXXX

Sheet Entropy Calculation
A1: Step-by-Step Entropy & Information Gain for Each Feature
A2: H(node) = -Σ pᵢ × log₂(pᵢ) | H(split) = Σ (nⱼ/N) × H(child_j) | IG = H(parent) - H(split)
A4: FEATURE 1: Outlook (Sunny / Overcast / Rain)
A5: Branch | B5: Total | C5: Yes | D5: No | E5: P(Yes) | F5: P(No) | G5: Entropy | H5: Weight | I5: Weighted Entropy
A6: Sunny | B6: 5 | C6: 2 | D6: 3 | E6: =C6/B6 -> 0.4 | F6: =D6/B6 -> 0.6 | G6: =-IF(E6=0,0,E6*LOG(E6,2))+-IF(F6=0,0,F6*LOG(F6,2)) -> 0.97095059 | H6: =B6/14 -> 0.35714286 | I6: =H6*G6 -> 0.34676807
A7: Overcast | B7: 4 | C7: 4 | D7: 0 | E7: =C7/B7 -> 1 | F7: =D7/B7 -> 0 | G7: =-IF(E7=0,0,E7*LOG(E7,2))+-IF(F7=0,0,F7*LOG(F7,2)) -> 0 | H7: =B7/14 -> 0.28571429 | I7: =H7*G7 -> 0
A8: Rain | B8: 5 | C8: 3 | D8: 2 | E8: =C8/B8 -> 0.6 | F8: =D8/B8 -> 0.4 | G8: =-IF(E8=0,0,E8*LOG(E8,2))+-IF(F8=0,0,F8*LOG(F8,2)) -> 0.97095059 | H8: =B8/14 -> 0.35714286 | I8: =H8*G8 -> 0.34676807
A9: TOTAL | I9: =SUM(I6:I8) -> 0.69353614
A10: Information Gain | I10: =Dataset!B29-I9 -> 0.24674982
A13: FEATURE 2: Humidity (High / Normal)
A14: Branch | B14: Total | C14: Yes | D14: No | E14: P(Yes) | F14: P(No) | G14: Entropy | H14: Weight | I14: Weighted Entropy
A15: High | B15: 7 | C15: 3 | D15: 4 | E15: =C15/B15 -> 0.42857143 | F15: =D15/B15 -> 0.57142857 | G15: =-IF(E15=0,0,E15*LOG(E15,2))+-IF(F15=0,0,F15*LOG(F15,2)) -> 0.98522814 | H15: =B15/14 -> 0.5 | I15: =H15*G15 -> 0.49261407
A16: Normal | B16: 7 | C16: 6 | D16: 1 | E16: =C16/B16 -> 0.85714286 | F16: =D16/B16 -> 0.14285714 | G16: =-IF(E16=0,0,E16*LOG(E16,2))+-IF(F16=0,0,F16*LOG(F16,2)) -> 0.59167278 | H16: =B16/14 -> 0.5 | I16: =H16*G16 -> 0.29583639
A17: TOTAL | I17: =SUM(I15:I16) -> 0.78845046
A18: Information Gain | I18: =Dataset!B29-I17 -> 0.1518355
A21: FEATURE 3: Wind (Weak / Strong)
A22: Branch | B22: Total | C22: Yes | D22: No | E22: P(Yes) | F22: P(No) | G22: Entropy | H22: Weight | I22: Weighted Entropy
A23: Weak | B23: 8 | C23: 6 | D23: 2 | E23: =C23/B23 -> 0.75 | F23: =D23/B23 -> 0.25 | G23: =-IF(E23=0,0,E23*LOG(E23,2))+-IF(F23=0,0,F23*LOG(F23,2)) -> 0.81127812 | H23: =B23/14 -> 0.57142857 | I23: =H23*G23 -> 0.4635875
A24: Strong | B24: 6 | C24: 3 | D24: 3 | E24: =C24/B24 -> 0.5 | F24: =D24/B24 -> 0.5 | G24: =-IF(E24=0,0,E24*LOG(E24,2))+-IF(F24=0,0,F24*LOG(F24,2)) -> 1 | H24: =B24/14 -> 0.42857143 | I24: =H24*G24 -> 0.42857143
A25: TOTAL | I25: =SUM(I23:I24) -> 0.89215893
A26: Information Gain | I26: =Dataset!B29-I25 -> 0.04812703
A29: FEATURE 4: Temperature (Hot / Mild / Cool)
A30: Branch | B30: Total | C30: Yes | D30: No | E30: P(Yes) | F30: P(No) | G30: Entropy | H30: Weight | I30: Weighted Entropy
A31: Hot | B31: 4 | C31: 2 | D31: 2 | E31: =C31/B31 -> 0.5 | F31: =D31/B31 -> 0.5 | G31: =-IF(E31=0,0,E31*LOG(E31,2))+-IF(F31=0,0,F31*LOG(F31,2)) -> 1 | H31: =B31/14 -> 0.28571429 | I31: =H31*G31 -> 0.28571429
A32: Mild | B32: 6 | C32: 4 | D32: 2 | E32: =C32/B32 -> 0.66666667 | F32: =D32/B32 -> 0.33333333 | G32: =-IF(E32=0,0,E32*LOG(E32,2))+-IF(F32=0,0,F32*LOG(F32,2)) -> 0.91829583 | H32: =B32/14 -> 0.42857143 | I32: =H32*G32 -> 0.39355536
A33: Cool | B33: 4 | C33: 3 | D33: 1 | E33: =C33/B33 -> 0.75 | F33: =D33/B33 -> 0.25 | G33: =-IF(E33=0,0,E33*LOG(E33,2))+-IF(F33=0,0,F33*LOG(F33,2)) -> 0.81127812 | H33: =B33/14 -> 0.28571429 | I33: =H33*G33 -> 0.23179375
A34: TOTAL | I34: =SUM(I31:I33) -> 0.91106339
A35: Information Gain | I35: =Dataset!B29-I34 -> 0.029222566

Sheet Best Split
A1: Choosing the Best Root Split
A2: The feature with the HIGHEST Information Gain becomes the root split.
A4: Feature | B4: Weighted Entropy | C4: Information Gain | D4: Rank | E4: Decision
A5: Outlook | B5: ='Entropy Calculation'!I9 -> 0.69353614 | C5: ='Entropy Calculation'!I10 -> 0.24674982 | D5: =RANK(C5,C5:C8,0) -> 1 | E5: =IF(D5=1,"ROOT SPLIT","") -> ROOT SPLIT
A6: Humidity | B6: ='Entropy Calculation'!I17 -> 0.78845046 | C6: ='Entropy Calculation'!I18 -> 0.1518355 | D6: =RANK(C6,C5:C8,0) -> 2 | E6: =IF(D6=1,"ROOT SPLIT","")
A7: Wind | B7: ='Entropy Calculation'!I25 -> 0.89215893 | C7: ='Entropy Calculation'!I26 -> 0.04812703 | D7: =RANK(C7,C5:C8,0) -> 3 | E7: =IF(D7=1,"ROOT SPLIT","")
A8: Temperature | B8: ='Entropy Calculation'!I34 -> 0.91106339 | C8: ='Entropy Calculation'!I35 -> 0.029222566 | D8: =RANK(C8,C5:C8,0) -> 4 | E8: =IF(D8=1,"ROOT SPLIT","")
A11: HOW THE ALGORITHM DECIDES (using Entropy & Information Gain):
A12: 1. Calculate the parent node's Entropy: H(S) = -Σ pᵢ × log₂(pᵢ)
A13: 2. For each feature, split the data into branches (one per category).
A14: 3. Calculate the Entropy H(child) for each branch.
A15: 4. Compute the weighted average Entropy: H(S|feature) = Σ (nⱼ/N) × H(child_j).
A16: 5. Information Gain = H(parent) - H(S|feature).
A17: 6. Pick the feature with the HIGHEST Information Gain → that's the best split.
A18: 7. Repeat recursively for each child node until a stopping condition is met.
A20: Stopping conditions: max depth reached, node is pure (Entropy=0), or too few samples.
A22: Note: Entropy ranges from 0 (pure) to 1 (maximum uncertainty for binary classification).
A23: Higher entropy = more disorder = more uncertainty about the class label.

Sheet Tree Diagram
A1: The Final Decision Tree
A2: Built by recursively choosing the feature with the highest Information Gain at each node.
B4: OUTLOOK | F4: ← Root split (highest Information Gain)
A6: ┌─────────────────────┼─────────────────────┐
A7: Sunny | C7: Overcast | E7: Rain
A8: (5 samples: 2Y, 3N) | C8: (4 samples: 4Y, 0N) | E8: (5 samples: 3Y, 2N)
A9: │ | C9: │ | E9: │
A10: Split: HUMIDITY | C10: PLAY = Yes | E10: Split: WIND
A11: │ | C11: (Pure node: H=0) | E11: │
A12: ┌────┴────┐ | E12: ┌────┴────┐
A13: High | B13: Normal | E13: Weak | F13: Strong
A14: │ | B14: │ | E14: │ | F14: │
A15: No | B15: Yes | E15: Yes | F15: No
A16: (3 samples) | B16: (2 samples) | E16: (3 samples) | F16: (2 samples)
A19: DECISION RULES (if-then format):
A20: Rule 1: IF Outlook = Overcast → PLAY = Yes
A21: Rule 2: IF Outlook = Sunny AND Humidity = High → PLAY = No
A22: Rule 3: IF Outlook = Sunny AND Humidity = Normal → PLAY = Yes
A23: Rule 4: IF Outlook = Rain AND Wind = Weak → PLAY = Yes
A24: Rule 5: IF Outlook = Rain AND Wind = Strong → PLAY = No

Sheet Prediction
A1: Making a Prediction with the Decision Tree
A2: Walk a new observation through the tree, following the splits at each node.
A4: NEW OBSERVATION (change these values to see different predictions):
A5: Outlook | B5: Temperature | C5: Humidity | D5: Wind
A6: Sunny | B6: Cool | C6: High | D6: Strong
A9: STEP-BY-STEP TREE WALK:
A10: Step | B10: Node Question | C10: Your Value | D10: Direction | E10: Next Node
A11: 1 | B11: What is the Outlook? | C11: =A6 -> Sunny | D11: =A6 -> Sunny | E11: =IF(A6="Overcast","LEAF: Yes",IF(A6="Sunny","Go to Humidity node","Go to Wind node")) -> Go to Humidity node
A12: 2 | B12: =IF(A6="Sunny","What is the Humidity?",IF(A6="Rain","What is the Wind?","(already at leaf)")) -> What is the Humidity? | C12: =IF(A6="Sunny",C6,IF(A6="Rain",D6,"N/A")) -> High | D12: =IF(A6="Sunny",C6,IF(A6="Rain",D6,"N/A")) -> High | E12: =IF(A6="Overcast","(done)",IF(A6="Sunny",IF(C6="High","LEAF: No","LEAF: Yes"),IF(D6="Weak","LEAF: Yes","LEAF: No"))) -> LEAF: No
A14: FINAL PREDICTION: | C14: =IF(A6="Overcast","Yes",IF(A6="Sunny",IF(C6="High","No","Yes"),IF(A6="Rain",IF(D6="Weak","Yes","No"),"Unknown"))) -> No
A16: TRY IT: Change the input values above (row 6) and watch the prediction change!
A18: EXAMPLE PREDICTIONS:
A19: Outlook | B19: Temp | C19: Humidity | D19: Wind | E19: Prediction | F19: Rule Used
A20: Sunny | B20: Hot | C20: High | D20: Weak | E20: No | F20: Rule 2
A21: Overcast | B21: Cool | C21: Normal | D21: Strong | E21: Yes | F21: Rule 1
A22: Rain | B22: Mild | C22: Normal | D22: Weak | E22: Yes | F22: Rule 4
A23: Sunny | B23: Mild | C23: Normal | D23: Strong | E23: Yes | F23: Rule 3
A24: Rain | B24: Cool | C24: Normal | D24: Strong | E24: No | F24: Rule 5
